tenure_months,monthly_charges,internet_service_fiber,has_device_protection,has_tech_support,is_contract_one_year,is_contract_two_year,paperless_billing,total_charges,target
52,106.7,0,1,1,0,1,1,5548.400000000001,0
15,60.8,1,1,1,1,0,0,912.0,1
72,75.17,0,1,0,1,1,1,5412.24,0
61,45.39,0,1,0,1,0,1,2768.79,1
21,39.61,1,1,1,1,0,0,831.81,0
24,70.55,0,1,0,0,1,1,1693.1999999999998,0
3,79.5,0,1,1,1,1,0,238.5,0
22,53.93,0,0,0,1,1,0,1186.46,0
53,76.94,1,0,1,0,0,0,4077.8199999999997,0
2,108.75,0,1,0,1,0,0,217.5,1
30,75.67,1,1,1,1,0,1,2270.1,0
38,92.08,0,0,1,0,0,0,3499.04,0
2,100.53,0,0,1,0,0,1,201.06,1
64,118.87,1,0,0,0,0,0,7607.68,1
60,80.32,0,0,0,1,1,0,4819.2,0
21,100.69,0,1,1,1,1,1,2114.49,0
33,116.26,1,0,1,0,0,0,3836.5800000000004,0
58,114.44,1,1,0,0,1,1,6637.5199999999995,0
22,34.11,1,1,0,1,1,1,750.42,0
49,60.64,1,1,0,0,0,0,2971.36,0
59,52.4,1,0,0,0,0,0,3091.6,0
42,28.69,0,0,0,0,1,0,1204.98,0
60,83.32,1,1,0,1,0,0,4999.2,1
15,93.59,0,1,1,1,0,0,1403.8500000000001,0
62,104.81,0,1,0,1,1,0,6498.22,0
62,32.28,0,0,1,1,0,1,2001.3600000000001,0
47,107.64,1,1,0,1,1,1,5059.08,0
62,84.29,1,0,0,1,1,0,5225.9800000000005,0
51,90.39,0,1,1,0,1,1,4609.89,0
55,111.06,1,1,1,1,1,1,6108.3,0
64,82.48,1,1,0,1,1,0,5278.72,0
3,53.59,1,0,1,0,0,0,160.77,1
51,102.51,1,0,1,1,0,1,5228.01,0
7,56.31,0,1,1,1,0,0,394.17,0
21,23.42,0,0,1,0,0,1,491.82000000000005,0
39,103.07,1,1,0,0,1,0,4019.7299999999996,0
18,54.52,0,0,1,0,1,1,981.36,0
4,97.38,1,0,0,1,0,1,389.52,1
60,56.28,1,0,0,0,1,1,3376.8,0
14,106.11,0,1,0,1,0,1,1485.54,1
9,41.95,0,0,0,1,0,0,377.55,1
53,117.45,0,0,1,1,0,0,6224.85,0
2,97.98,1,1,1,1,1,1,195.96,0
60,31.42,0,1,0,0,1,1,1885.2,0
71,76.58,1,1,0,0,1,0,5437.18,0
44,118.54,0,1,0,1,1,0,5215.76,0
8,67.11,0,0,0,0,0,1,536.88,1
47,38.21,1,0,1,1,1,1,1795.8700000000001,0
35,68.48,1,0,0,1,1,1,2396.8,0
36,71.25,1,0,1,1,1,1,2565.0,0
50,94.17,1,0,0,0,0,1,4708.5,1
4,89.88,1,1,0,1,0,0,359.52,1
2,60.26,1,0,0,1,1,1,120.52,0
6,41.8,1,0,0,0,1,0,250.79999999999998,0
54,84.51,1,0,1,0,1,0,4563.54,0
4,62.17,0,1,1,0,1,0,248.68,0
54,33.23,1,1,1,0,0,1,1794.4199999999998,0
63,110.06,1,0,0,1,1,0,6933.78,0
18,89.12,0,1,0,0,1,0,1604.16,0
44,88.32,1,1,1,1,1,0,3886.08,0
34,102.26,0,1,1,0,0,0,3476.84,1
62,72.97,0,1,0,0,0,1,4524.14,1
14,101.51,1,1,0,0,1,1,1421.14,1
48,69.81,0,1,1,0,1,0,3350.88,0
15,26.72,1,1,0,0,1,0,400.79999999999995,0
72,60.52,0,0,0,0,1,1,4357.4400000000005,0
62,69.75,0,0,1,1,1,1,4324.5,0
40,92.02,0,1,0,0,0,1,3680.7999999999997,1
53,30.66,1,0,1,0,0,0,1624.98,0
24,34.0,1,0,0,0,0,1,816.0,1
26,46.37,0,1,1,0,1,0,1205.62,0
60,46.65,0,0,0,1,0,0,2799.0,1
41,93.22,1,1,1,0,0,1,3822.02,0
29,45.07,1,1,1,0,0,0,1307.03,1
15,83.31,0,1,1,0,1,1,1249.65,0
45,69.43,0,0,1,0,1,0,3124.3500000000004,0
65,77.33,1,0,0,1,0,1,5026.45,1
71,103.81,1,0,0,0,1,0,7370.51,0
9,60.44,1,0,1,1,0,0,543.96,0
1,97.09,1,1,0,0,0,1,97.09,1
8,62.2,1,1,0,1,0,1,497.6,1
63,55.39,0,0,0,1,0,1,3489.57,0
11,115.86,1,1,0,0,1,1,1274.46,0
8,38.44,0,1,0,0,1,0,307.52,0
35,29.03,1,0,1,1,1,1,1016.0500000000001,0
35,97.1,0,1,1,1,1,1,3398.5,0
33,26.82,1,0,1,0,0,0,885.0600000000001,0
5,103.71,1,1,1,1,1,1,518.55,0
41,63.72,0,0,0,1,0,1,2612.52,1
28,111.55,0,1,0,1,1,0,3123.4,1
7,92.15,1,1,1,0,1,1,645.0500000000001,0
72,81.04,1,0,0,1,1,1,5834.88,0
12,114.93,1,0,0,1,0,1,1379.16,1
34,59.66,1,0,1,1,0,1,2028.4399999999998,0
33,115.41,1,0,0,0,0,1,3808.5299999999997,1
48,33.5,0,1,1,0,0,1,1608.0,0
23,68.38,0,1,1,1,1,0,1572.7399999999998,0
62,46.99,1,0,0,0,0,1,2913.38,0
37,73.98,0,1,0,1,0,0,2737.26,1
44,36.2,0,0,1,0,1,0,1592.8000000000002,0
35,104.15,0,0,1,0,1,0,3645.25,0
65,104.64,1,1,0,1,0,0,6801.6,1
47,115.52,0,1,1,0,1,1,5429.44,0
3,35.47,1,0,1,0,0,1,106.41,0
1,82.33,0,0,1,0,1,1,82.33,0
5,67.42,1,0,0,1,0,0,337.1,1
14,54.44,0,1,1,0,0,1,762.16,0
27,55.15,1,1,0,0,0,1,1489.05,1
9,61.28,1,1,1,1,0,1,551.52,0
15,90.49,0,1,0,0,0,0,1357.35,1
42,79.83,1,0,1,0,1,0,3352.86,0
51,65.97,1,0,0,0,0,1,3364.47,0
63,27.59,1,0,0,0,0,0,1738.17,0
52,27.78,1,0,0,0,0,0,1444.56,0
4,20.23,1,0,1,1,0,1,80.92,0
23,116.77,1,0,1,1,0,0,2685.71,0
15,20.53,1,1,1,0,1,0,307.95000000000005,0
43,30.31,1,1,0,0,1,1,1303.33,0
29,51.46,0,0,1,0,0,0,1492.34,0
36,100.74,0,0,0,1,1,0,3626.64,0
13,116.21,1,1,1,1,0,0,1510.73,1
32,99.0,1,1,0,0,1,0,3168.0,0
71,89.06,0,1,0,0,1,0,6323.26,0
59,72.13,0,1,0,1,0,0,4255.67,1
28,28.67,0,0,1,0,1,0,802.76,0
66,115.82,1,0,1,1,1,0,7644.12,0
42,95.84,0,0,1,1,0,1,4025.28,0
45,83.89,1,0,0,0,0,1,3775.05,1
62,95.9,1,0,0,1,1,1,5945.8,0
57,92.41,0,1,1,0,1,1,5267.37,0
6,83.72,1,0,1,0,1,0,502.32,0
28,118.06,1,1,1,0,0,1,3305.6800000000003,1
28,110.34,1,0,0,0,1,1,3089.52,0
44,84.67,1,0,0,0,1,0,3725.48,0
30,89.32,0,0,0,0,1,0,2679.6,0
62,25.16,0,0,0,1,0,0,1559.92,0
62,86.99,1,0,0,1,0,0,5393.38,1
1,24.42,1,1,1,1,0,0,24.42,0
27,78.83,0,1,0,1,0,1,2128.41,1
62,119.94,1,1,0,0,1,0,7436.28,0
3,75.58,0,0,0,1,0,1,226.74,1
70,67.32,1,0,0,1,1,1,4712.4,0
72,51.29,1,1,0,1,1,0,3692.88,0
27,32.05,0,0,1,0,1,1,865.3499999999999,0
9,93.1,0,0,0,1,1,1,837.9,0
62,39.26,0,1,0,0,0,0,2434.12,0
37,31.53,0,0,0,1,0,1,1166.6100000000001,1
51,62.18,1,1,1,0,0,1,3171.18,0
44,99.53,0,0,1,0,0,1,4379.32,0
24,94.51,1,1,1,1,0,0,2268.2400000000002,1
59,25.49,0,0,0,0,1,0,1503.9099999999999,0
32,65.51,0,0,1,0,0,0,2096.32,0
52,72.24,1,1,0,1,0,1,3756.4799999999996,1
62,84.45,0,0,0,1,0,0,5235.900000000001,1
58,85.02,0,0,1,1,0,1,4931.16,0
52,56.47,0,1,0,0,1,0,2936.44,0
12,76.07,0,0,0,0,1,1,912.8399999999999,0
39,68.11,1,1,0,0,1,0,2656.29,0
2,108.5,1,0,1,1,1,0,217.0,0
3,73.03,0,0,0,0,1,1,219.09,0
56,64.1,0,0,0,0,0,0,3589.5999999999995,1
59,60.45,0,0,1,0,1,1,3566.55,0
2,77.24,1,1,0,0,1,0,154.48,1
2,100.4,1,0,0,0,1,0,200.8,0
54,73.84,1,1,1,0,0,1,3987.36,0
1,86.17,1,0,0,0,0,1,86.17,1
19,93.79,0,0,0,1,1,1,1782.0100000000002,1
2,72.02,0,0,0,1,0,0,144.04,1
53,62.68,0,0,0,1,0,1,3322.04,0
44,107.67,1,1,0,0,1,0,4737.4800000000005,0
32,61.75,0,1,1,0,0,1,1976.0,0
70,66.19,1,1,1,1,0,1,4633.3,0
32,119.03,1,1,1,0,0,1,3808.96,1
68,20.02,0,0,1,1,1,1,1361.36,0
55,38.55,0,1,0,0,1,1,2120.25,0
56,58.4,0,1,0,0,1,1,3270.4,0
17,113.26,1,0,0,1,0,0,1925.42,1
38,27.0,1,0,0,1,1,1,1026.0,0
24,20.95,0,0,0,1,0,0,502.79999999999995,1
69,25.27,0,0,1,1,0,1,1743.6299999999999,0
70,28.85,1,1,1,1,0,1,2019.5,0
11,23.76,0,1,0,0,1,1,261.36,0
16,67.98,1,0,0,0,1,0,1087.68,0
59,78.08,1,0,0,0,1,0,4606.72,0
70,47.17,0,0,1,1,1,1,3301.9,0
3,59.83,0,1,0,1,0,0,179.49,1
20,29.17,0,1,0,1,1,1,583.4000000000001,0
59,53.64,0,0,0,1,0,1,3164.76,0
36,72.25,1,0,1,1,1,0,2601.0,0
19,93.23,1,1,0,1,1,0,1771.3700000000001,0
67,20.33,1,0,1,0,1,0,1362.11,0
19,66.73,0,0,1,0,0,0,1267.8700000000001,0
20,49.7,1,1,1,0,0,1,994.0,0
71,105.28,0,0,1,0,0,0,7474.88,0
52,91.56,0,1,1,0,0,0,4761.12,0
33,78.91,0,0,1,1,0,1,2604.0299999999997,1
40,47.73,0,0,0,1,1,0,1909.1999999999998,0
39,111.03,0,1,0,1,0,0,4330.17,1
1,24.51,0,1,0,1,0,0,24.51,1
11,30.95,1,0,1,1,0,0,340.45,0
57,59.16,0,1,0,1,0,1,3372.12,1
50,32.44,1,0,1,0,1,1,1622.0,0
23,115.64,1,0,1,1,0,0,2659.72,1
31,99.8,0,1,1,1,1,0,3093.7999999999997,0
42,45.9,0,0,0,1,1,1,1927.8,0
7,78.86,0,0,1,1,1,0,552.02,0
16,118.23,1,1,1,0,0,0,1891.68,1
60,108.42,0,1,0,0,1,0,6505.2,0
2,80.08,1,0,0,1,0,0,160.16,1
1,110.37,0,1,1,0,0,0,110.37,1
48,118.92,0,1,1,0,0,0,5708.16,0
12,94.34,1,1,0,1,0,0,1132.08,1
69,26.5,1,1,0,1,0,0,1828.5,0
37,60.16,0,0,0,1,1,0,2225.92,0
32,103.78,1,0,1,1,1,1,3320.96,0
9,43.06,1,0,0,1,0,1,387.54,1
19,103.06,1,1,0,0,1,1,1958.14,0
48,32.03,1,1,0,1,0,0,1537.44,0
3,24.69,1,1,1,1,1,0,74.07000000000001,0
20,58.41,0,1,0,1,1,1,1168.1999999999998,0
24,23.67,0,1,0,0,1,0,568.08,0
54,115.73,1,1,0,1,1,1,6249.42,0
33,102.62,0,1,0,1,1,0,3386.46,0
24,100.08,0,0,0,1,0,1,2401.92,1
72,82.98,1,0,1,0,0,1,5974.56,0
36,41.63,0,1,1,1,1,1,1498.68,0
38,71.83,1,1,1,1,0,0,2729.54,0
25,79.73,1,1,0,1,1,1,1993.25,0
18,72.5,0,0,1,0,0,0,1305.0,1
66,46.02,1,0,1,1,1,0,3037.32,0
54,71.52,1,1,1,1,1,0,3862.08,0
35,69.12,1,1,0,1,1,0,2419.2000000000003,0
61,119.63,1,0,0,0,0,0,7297.429999999999,1
41,109.74,1,0,1,1,0,0,4499.34,0
33,66.34,0,0,1,1,1,0,2189.2200000000003,0
68,82.29,0,0,0,1,1,1,5595.72,0
33,94.79,1,1,0,0,0,1,3128.07,1
14,23.49,1,0,1,0,0,1,328.85999999999996,0
21,109.49,0,0,0,1,0,0,2299.29,1
48,106.01,1,1,1,0,0,0,5088.4800000000005,1
20,65.74,0,0,0,0,0,0,1314.8,1
8,59.12,1,0,1,0,1,0,472.96,0
7,47.3,1,0,1,1,0,1,331.09999999999997,0
67,67.67,1,1,0,1,1,0,4533.89,0
17,24.44,1,0,1,0,1,1,415.48,0
33,105.22,1,1,1,0,0,0,3472.2599999999998,0
48,23.54,1,1,1,0,0,1,1129.92,0
59,52.91,1,0,0,1,1,0,3121.6899999999996,0
22,113.16,0,0,0,1,0,1,2489.52,1
30,93.52,0,0,0,0,1,0,2805.6,0
38,48.14,0,0,1,0,0,1,1829.32,0
51,45.26,1,1,0,0,0,0,2308.2599999999998,1
54,20.51,1,0,1,0,0,1,1107.5400000000002,0
8,89.57,1,0,1,1,1,1,716.56,0
27,24.88,1,0,0,0,0,0,671.76,1
27,73.26,1,1,0,1,1,1,1978.0200000000002,0
21,116.21,1,0,1,0,0,0,2440.41,1
30,30.95,1,0,1,0,1,0,928.5,0
28,109.45,0,1,0,0,0,0,3064.6,1
64,119.15,1,1,0,0,1,1,7625.6,0
69,26.15,0,0,0,0,1,1,1804.35,0
61,108.29,0,0,1,1,1,0,6605.6900000000005,0
48,71.61,1,0,1,0,1,0,3437.2799999999997,0
19,110.65,1,0,1,0,1,1,2102.35,0
4,77.13,0,0,1,0,1,1,308.52,0
35,86.21,0,1,1,1,0,1,3017.35,0
64,74.38,1,1,0,1,1,0,4760.32,0
49,106.45,1,0,0,1,1,0,5216.05,0
17,93.39,0,0,1,1,1,0,1587.63,0
44,72.13,1,1,1,0,0,0,3173.72,0
30,106.82,1,0,0,0,0,0,3204.6,1
46,44.53,1,0,0,0,0,1,2048.38,0
6,35.73,0,0,0,1,1,0,214.38,0
37,36.04,0,0,0,0,0,1,1333.48,0
24,53.4,0,0,1,0,0,1,1281.6,0
46,43.87,1,1,0,1,1,0,2018.02,0
53,113.01,1,0,1,1,1,1,5989.530000000001,0
60,30.58,0,0,0,1,0,0,1834.8,0
63,89.9,0,0,0,0,1,1,5663.700000000001,0
32,38.92,0,1,0,0,1,0,1245.44,0
33,108.16,1,1,1,1,1,0,3569.2799999999997,0
67,116.13,0,1,1,0,1,1,7780.71,0
18,66.55,0,1,0,1,0,0,1197.8999999999999,1
25,107.91,1,0,1,1,1,1,2697.75,0
54,20.51,1,1,1,0,0,0,1107.5400000000002,0
58,101.99,1,0,0,1,0,0,5915.42,1
67,42.86,0,0,0,1,0,0,2871.62,0
46,110.87,1,1,1,1,0,1,5100.02,0
24,20.11,1,1,1,0,1,1,482.64,0
32,75.62,0,1,1,1,1,0,2419.84,0
47,95.66,1,1,0,1,1,1,4496.0199999999995,0
23,45.87,0,1,0,1,0,0,1055.01,1
66,39.31,0,0,1,1,0,1,2594.46,0
27,28.41,1,1,0,1,0,1,767.07,0
2,52.64,1,1,0,1,1,0,105.28,0
17,75.98,1,1,1,1,0,0,1291.66,0
33,31.58,1,0,1,0,1,0,1042.1399999999999,0
9,57.67,1,1,0,0,1,0,519.03,0
43,20.91,1,0,0,1,1,0,899.13,0
48,101.87,0,1,1,0,1,1,4889.76,0
39,32.84,0,1,0,0,0,1,1280.7600000000002,1
42,48.33,1,0,0,1,1,0,2029.86,0
26,21.84,0,1,1,0,0,0,567.84,0
50,63.22,1,0,1,1,1,0,3161.0,0
25,104.01,0,0,0,1,0,1,2600.25,1
24,59.22,0,0,0,1,0,0,1421.28,0
13,37.95,0,1,0,1,1,0,493.35,0
60,95.37,1,1,1,1,1,1,5722.200000000001,0
7,98.88,0,1,0,0,1,1,692.16,0
57,37.38,1,0,0,1,0,1,2130.6600000000003,0
36,97.09,0,1,1,0,1,1,3495.2400000000002,0
45,114.73,0,0,1,1,1,0,5162.85,0
20,36.64,0,1,0,1,0,1,732.8,1
65,97.1,0,0,1,1,1,1,6311.5,0
8,90.86,0,0,1,0,0,0,726.88,1
16,67.36,1,0,0,1,1,0,1077.76,0
14,25.79,1,1,1,1,0,0,361.06,0
15,27.47,0,0,1,1,0,1,412.04999999999995,0
66,105.24,0,0,0,1,1,0,6945.839999999999,0
32,119.01,0,0,1,0,0,1,3808.32,0
63,87.61,0,0,0,1,1,1,5519.43,0
51,64.6,1,0,0,0,1,1,3294.6,0
25,84.76,0,0,1,1,0,0,2119.0,1
58,79.44,1,1,1,0,1,1,4607.5199999999995,0
63,58.36,0,1,1,0,0,0,3676.68,0
62,26.56,1,0,0,1,0,0,1646.72,0
22,102.15,0,1,1,1,0,0,2247.3,0
58,57.18,0,1,0,0,0,1,3316.44,0
58,101.88,1,0,1,1,0,1,5909.04,0
49,45.25,0,0,1,1,0,1,2217.25,0
52,20.1,0,0,1,1,0,0,1045.2,0
42,35.89,0,1,0,0,0,1,1507.38,0
70,66.85,1,0,1,1,1,1,4679.5,0
15,114.43,0,1,1,1,1,1,1716.45,0
54,30.22,0,0,0,1,0,1,1631.8799999999999,0
60,105.42,1,1,0,0,1,1,6325.2,0
8,72.7,1,0,1,1,1,0,581.6,0
53,102.59,1,0,1,0,1,0,5437.27,0
60,49.84,0,1,1,1,1,0,2990.4,0
5,103.99,0,1,0,0,1,0,519.9499999999999,1
68,97.28,0,1,0,1,1,1,6615.04,0
6,43.01,1,1,0,1,0,0,258.06,1
47,33.13,0,1,0,0,1,1,1557.1100000000001,0
55,106.81,0,1,1,0,1,0,5874.55,0
40,116.32,1,0,0,0,1,0,4652.799999999999,0
52,23.13,1,1,0,1,1,0,1202.76,0
16,93.13,1,0,0,1,0,1,1490.08,1
13,110.95,1,0,1,1,0,1,1442.3500000000001,0
30,105.74,1,1,1,1,0,0,3172.2,0
19,116.45,0,0,0,0,0,1,2212.55,1
17,96.01,1,1,0,1,1,0,1632.17,0
63,64.23,0,1,1,1,0,0,4046.4900000000002,0
19,51.2,0,0,1,1,0,0,972.8000000000001,0
58,52.07,1,0,1,1,0,1,3020.06,0
55,92.44,1,1,1,1,0,0,5084.2,0
62,94.58,1,1,1,1,1,0,5863.96,0
23,40.04,0,0,1,1,0,0,920.92,0
9,106.81,1,0,1,0,1,1,961.29,0
12,91.49,1,0,1,1,0,0,1097.8799999999999,1
1,76.28,1,0,0,1,1,1,76.28,1
58,67.15,1,1,0,1,1,0,3894.7000000000003,0
1,74.32,1,1,0,1,0,1,74.32,1
34,35.92,0,1,0,0,0,0,1221.28,1
48,40.37,0,1,0,0,0,0,1937.7599999999998,0
1,29.12,0,0,0,0,0,1,29.12,1
16,35.37,1,0,1,0,1,1,565.92,0
61,65.37,1,1,1,0,1,0,3987.57,0
64,73.04,1,1,0,0,0,1,4674.56,1
63,21.79,0,1,0,1,0,0,1372.77,0
69,99.68,1,1,1,0,1,0,6877.92,0
22,49.42,1,1,1,0,0,0,1087.24,0
67,111.18,1,1,1,1,1,1,7449.06,0
26,116.75,0,1,0,0,0,0,3035.5,1
16,38.55,1,1,1,1,1,1,616.8,0
51,66.21,0,1,0,1,1,0,3376.7099999999996,0
57,20.12,1,0,0,0,1,1,1146.8400000000001,0
29,79.83,0,1,1,1,1,1,2315.07,0
69,80.73,0,0,1,0,1,0,5570.37,0
47,44.75,0,0,0,0,0,1,2103.25,0
62,75.84,1,1,1,1,1,0,4702.08,0
69,42.55,1,1,1,1,0,0,2935.95,0
16,36.08,0,0,0,0,1,0,577.28,0
48,85.15,0,0,1,1,1,0,4087.2000000000003,0
39,52.59,1,1,0,1,0,0,2051.01,1
33,79.03,1,0,0,0,0,1,2607.9900000000002,1
23,63.32,0,1,1,0,0,0,1456.36,0
10,118.44,1,1,0,1,0,1,1184.4,1
69,34.96,1,1,0,0,1,1,2412.2400000000002,0
34,66.46,1,0,1,0,0,0,2259.64,0
52,88.05,1,0,1,0,1,1,4578.599999999999,0
10,59.55,0,1,1,0,0,0,595.5,0
19,117.47,1,0,0,0,0,1,2231.93,1
58,92.19,1,0,0,0,1,1,5347.0199999999995,0
1,85.7,0,0,1,0,1,1,85.7,0
69,95.71,0,0,0,1,0,0,6603.99,0
4,115.26,1,0,1,0,1,1,461.04,0
16,110.78,1,0,1,1,1,0,1772.48,0
24,92.43,1,0,0,1,1,1,2218.32,0
2,94.92,1,1,1,1,1,1,189.84,0
32,34.59,0,0,0,0,1,1,1106.88,0
24,30.28,0,0,0,0,1,1,726.72,0
12,77.09,0,0,1,1,1,0,925.08,0
50,21.84,1,0,0,0,1,0,1092.0,0
35,68.24,1,0,1,1,0,1,2388.3999999999996,0
33,41.03,1,0,0,0,1,1,1353.99,0
33,54.6,1,0,0,0,0,0,1801.8,1
61,97.58,0,0,0,1,1,0,5952.38,0
51,114.12,0,1,1,1,1,0,5820.12,0
43,27.24,1,0,0,1,1,0,1171.32,0
12,73.42,0,0,1,0,1,1,881.04,0
67,108.25,1,0,0,1,0,1,7252.75,1
65,28.25,1,0,0,0,0,0,1836.25,0
33,102.45,0,1,1,0,1,0,3380.85,0
40,55.78,1,1,1,0,0,0,2231.2,0
43,52.21,1,1,1,1,1,0,2245.03,0
44,117.75,0,1,1,1,1,0,5181.0,0
29,40.09,1,1,1,1,0,0,1162.6100000000001,0
13,89.32,1,1,0,0,0,1,1161.1599999999999,1
12,102.14,0,1,0,0,1,1,1225.68,1
46,24.12,1,1,1,1,1,1,1109.52,0
2,87.04,0,1,0,0,0,0,174.08,1
35,115.15,1,1,0,0,1,0,4030.25,0
8,32.42,0,1,0,1,0,0,259.36,1
26,109.62,0,1,1,1,1,1,2850.12,0
34,79.48,0,1,0,1,1,0,2702.32,0
7,81.66,1,1,0,0,0,0,571.62,1
68,81.29,0,1,0,0,0,1,5527.72,0
58,49.88,0,1,1,0,0,0,2893.04,0
29,113.52,0,0,0,0,1,1,3292.08,0
36,114.74,0,1,0,0,1,1,4130.639999999999,0
21,82.53,0,0,1,1,1,0,1733.13,0
36,98.34,1,1,1,0,1,1,3540.2400000000002,0
10,81.23,1,1,0,0,0,0,812.3000000000001,1
24,68.44,1,0,0,0,1,1,1642.56,0
64,86.08,1,1,1,1,1,0,5509.12,0
49,75.3,1,0,1,1,1,1,3689.7,0
36,79.75,1,0,1,1,0,0,2871.0,0
24,98.38,1,0,1,0,1,1,2361.12,0
23,68.09,0,1,1,1,1,1,1566.0700000000002,0
62,24.08,1,1,1,1,0,1,1492.9599999999998,0
37,36.4,0,1,1,1,1,0,1346.8,0
12,63.86,0,0,0,0,1,0,766.3199999999999,0
55,92.48,1,0,1,1,0,1,5086.400000000001,0
13,79.33,0,1,1,0,1,0,1031.29,0
23,85.03,0,1,0,0,1,1,1955.69,0
30,67.93,0,1,1,1,1,0,2037.9,0
17,81.57,0,1,1,0,0,1,1386.6899999999998,1
62,52.9,1,1,0,1,1,0,3279.7999999999997,0
13,67.02,1,0,1,0,1,1,871.26,0
59,94.43,1,0,0,1,0,1,5571.370000000001,1
19,107.18,1,0,0,1,0,1,2036.42,1
49,63.37,1,1,0,1,1,1,3105.1299999999997,0
12,24.37,1,0,0,0,1,0,292.44,0
61,36.17,1,0,1,1,1,1,2206.37,0
19,22.09,1,0,0,0,1,0,419.71,0
9,85.33,1,0,0,1,0,0,767.97,1
71,53.23,1,0,1,0,1,1,3779.33,0
28,74.25,0,1,0,0,0,0,2079.0,1
52,69.33,1,0,0,1,0,0,3605.16,1
16,28.15,0,1,0,1,1,0,450.4,0
69,60.33,0,1,0,1,1,1,4162.7699999999995,0
12,42.06,0,1,1,1,0,0,504.72,0
25,61.84,0,1,0,1,0,0,1546.0,0
52,40.36,1,1,1,0,1,1,2098.72,0
53,104.05,0,0,1,1,0,1,5514.65,0
23,37.42,1,0,0,1,1,0,860.6600000000001,0
16,116.08,1,1,0,0,1,1,1857.28,0
57,61.59,0,1,0,1,0,0,3510.63,0
39,104.62,1,1,0,1,0,0,4080.1800000000003,1
53,82.88,0,0,1,0,1,0,4392.639999999999,0
42,93.54,0,1,1,1,0,1,3928.6800000000003,0
58,96.77,1,0,1,1,1,0,5612.66,0
39,70.48,1,1,0,1,1,1,2748.7200000000003,0
14,74.33,0,0,1,0,1,1,1040.62,0
5,71.4,1,1,0,1,0,0,357.0,1
35,78.81,1,0,0,0,1,1,2758.35,0
18,22.94,1,1,0,1,1,1,412.92,0
9,59.55,0,0,0,0,1,1,535.9499999999999,0
58,80.62,0,0,0,1,1,1,4675.96,0
17,79.77,1,0,1,0,1,1,1356.09,0
7,99.3,1,0,1,0,1,0,695.1,0
46,85.5,1,0,0,0,1,1,3933.0,0
13,119.21,1,0,1,0,1,0,1549.73,0
40,48.39,1,0,0,0,1,0,1935.6,0
42,55.92,0,1,0,0,1,0,2348.64,0
9,58.38,1,1,0,1,1,0,525.4200000000001,0
50,66.58,0,1,1,1,0,0,3329.0,0
27,103.6,1,1,0,0,1,0,2797.2,0
66,43.58,0,1,0,0,1,1,2876.2799999999997,0
5,97.6,1,0,1,0,1,1,488.0,0
29,60.53,0,0,1,0,0,1,1755.3700000000001,1
37,80.19,1,0,1,1,1,0,2967.0299999999997,0
38,83.25,0,0,0,0,0,1,3163.5,1
8,57.28,0,0,0,1,1,1,458.24,0
65,71.26,0,1,1,1,1,1,4631.900000000001,0
17,61.3,0,1,0,0,0,0,1042.1,1
71,26.91,0,1,1,0,1,1,1910.61,0
45,63.72,0,1,1,1,0,0,2867.4,0
4,29.74,1,0,0,1,0,1,118.96,1
36,60.5,0,0,0,0,1,0,2178.0,0
70,79.29,1,0,1,0,1,0,5550.3,0
31,77.94,1,1,1,0,1,0,2416.14,0
19,86.26,1,0,1,1,1,1,1638.94,0
61,29.53,1,1,1,1,0,1,1801.3300000000002,0
54,85.21,1,0,0,0,0,0,4601.339999999999,0
39,51.21,0,0,1,1,1,1,1997.19,0
19,59.9,0,1,1,1,0,0,1138.1,0
39,105.8,0,0,1,0,0,0,4126.2,1
67,20.9,1,0,0,0,1,1,1400.3,0
45,78.84,0,1,0,1,0,1,3547.8,1
13,79.87,0,0,1,1,0,1,1038.31,1
58,59.67,0,1,0,0,1,0,3460.86,0
20,43.7,0,0,0,0,0,0,874.0,1
72,43.47,0,0,0,0,1,1,3129.84,0
61,108.37,1,0,1,0,0,0,6610.570000000001,0
39,64.2,0,0,1,0,1,1,2503.8,0
1,53.09,1,0,0,1,0,0,53.09,1
3,64.88,1,0,1,1,0,1,194.64,0
62,86.94,1,0,1,1,1,1,5390.28,0
63,34.58,1,0,0,1,1,0,2178.54,0
25,64.94,1,1,0,0,1,1,1623.5,0
56,78.79,0,1,1,0,1,1,4412.240000000001,0
33,114.86,0,0,0,0,0,0,3790.38,1
38,45.25,0,0,1,1,0,1,1719.5,0
6,55.93,1,1,1,1,0,0,335.58,0
58,57.94,0,0,0,1,1,1,3360.52,0
44,80.55,0,0,1,0,0,0,3544.2,0
45,55.67,1,1,1,1,0,1,2505.15,0
32,73.35,1,0,0,0,1,1,2347.2,0
45,98.18,1,0,0,0,1,1,4418.1,0
61,90.54,1,1,0,0,0,1,5522.9400000000005,0
47,64.64,0,0,1,0,1,0,3038.08,0
21,106.42,1,0,0,0,0,0,2234.82,1
36,75.81,1,1,0,0,0,0,2729.16,1
19,73.99,0,0,0,1,1,0,1405.81,0
20,23.42,0,1,0,0,0,0,468.40000000000003,1
57,118.67,1,0,1,0,1,0,6764.1900000000005,0
18,32.3,0,0,1,1,1,0,581.4,0
47,43.11,1,1,0,0,0,1,2026.17,1
49,25.17,1,1,1,1,0,1,1233.3300000000002,0
14,84.0,0,0,0,1,0,1,1176.0,1
15,42.47,0,1,0,1,1,1,637.05,0
31,38.0,1,1,1,0,0,0,1178.0,0
1,28.86,1,0,1,0,1,0,28.86,0
54,30.33,1,0,0,1,1,0,1637.82,0
3,78.47,0,0,0,0,0,1,235.41,1
16,88.82,1,1,1,0,1,0,1421.12,0
57,59.74,1,1,0,1,0,1,3405.1800000000003,1
12,67.99,1,1,1,1,0,0,815.8799999999999,0
16,88.6,1,1,0,0,0,0,1417.6,1
72,21.74,1,0,0,1,0,0,1565.28,0
24,52.31,0,1,1,1,0,0,1255.44,0
28,117.31,1,0,1,1,0,1,3284.6800000000003,1
8,78.01,1,1,1,0,0,1,624.08,1
36,45.42,1,0,1,0,1,0,1635.1200000000001,0
8,72.17,1,0,1,0,0,1,577.36,0
58,54.27,0,0,1,1,1,0,3147.6600000000003,0
60,73.22,0,1,1,0,1,0,4393.2,0
50,32.57,0,0,0,1,1,0,1628.5,0
28,33.27,1,0,0,0,0,0,931.5600000000001,1
41,34.35,1,1,0,0,1,1,1408.3500000000001,0
64,113.98,0,0,1,1,1,0,7294.72,0
27,93.29,0,1,1,0,0,0,2518.8300000000004,0
63,36.24,0,1,1,1,0,1,2283.1200000000003,0
17,38.83,1,0,0,0,1,0,660.11,0
33,93.08,1,0,1,0,0,1,3071.64,0
29,35.62,0,1,1,1,0,0,1032.98,0
13,43.46,0,0,0,1,0,0,564.98,1
46,116.33,0,1,1,1,0,0,5351.18,0
35,45.53,1,1,0,0,1,0,1593.55,0
6,86.16,1,1,0,0,0,0,516.96,1
69,117.86,1,0,1,0,0,0,8132.34,0
47,57.43,0,1,1,1,0,1,2699.21,0
25,21.75,0,0,1,1,1,0,543.75,0
66,44.41,1,0,0,1,1,1,2931.06,0
10,103.09,0,0,0,0,0,1,1030.9,1
56,106.46,1,0,0,0,0,0,5961.759999999999,1
30,96.85,0,1,1,1,1,1,2905.5,0
5,31.31,0,0,1,0,0,0,156.54999999999998,0
33,99.55,0,1,1,1,0,1,3285.15,0
65,111.87,0,1,1,0,1,0,7271.55,0
18,80.06,1,0,0,0,0,1,1441.08,1
49,114.09,0,1,0,1,0,1,5590.41,1
11,102.68,1,1,0,0,1,0,1129.48,0
26,86.7,1,0,0,0,1,1,2254.2000000000003,0
63,77.72,1,1,1,1,0,0,4896.36,0
59,54.86,0,1,1,1,1,0,3236.74,0
27,35.93,1,1,1,0,0,0,970.11,0
49,80.5,1,1,0,1,0,0,3944.5,1
33,51.81,1,0,0,0,0,0,1709.73,0
1,106.64,0,1,1,1,1,1,106.64,0
21,119.33,0,1,1,0,1,1,2505.93,0
55,95.24,1,1,0,0,0,1,5238.2,1
6,29.05,0,1,1,1,0,0,174.3,1
69,48.87,1,0,0,0,1,1,3372.0299999999997,0
5,30.91,1,1,0,0,1,1,154.55,0
3,85.05,0,0,0,1,1,1,255.14999999999998,1
53,96.52,1,1,1,1,0,1,5115.5599999999995,0
23,112.57,0,0,1,0,1,1,2589.1099999999997,0
53,63.82,0,0,0,1,1,0,3382.46,0
37,110.14,1,0,1,1,0,0,4075.18,1
17,107.79,0,0,0,0,0,1,1832.43,1
1,51.72,0,0,0,0,0,0,51.72,1
51,106.89,1,1,0,1,1,0,5451.39,0
45,57.57,1,1,0,1,0,1,2590.65,0
4,49.69,0,1,1,1,0,1,198.76,0
62,84.91,0,0,0,0,0,0,5264.42,0
65,52.84,1,1,0,0,0,1,3434.6000000000004,0
32,83.02,0,0,1,0,1,0,2656.64,0
34,80.98,0,0,0,0,0,0,2753.32,1
72,76.34,0,1,0,0,1,1,5496.4800000000005,0
39,58.04,0,1,1,0,1,0,2263.56,0
26,74.85,0,0,1,0,1,0,1946.1,0
34,79.65,0,0,1,1,0,0,2708.1000000000004,0
54,74.57,0,1,0,1,1,1,4026.7799999999997,0
3,64.44,1,1,1,0,0,1,193.32,1
50,21.47,1,1,1,0,0,1,1073.5,0
12,78.71,1,1,0,0,0,1,944.52,1
65,36.84,1,0,0,1,1,0,2394.6000000000004,0
54,84.26,1,1,0,0,0,1,4550.04,1
5,95.93,0,1,0,1,0,1,479.65000000000003,1
57,70.04,0,1,0,1,0,1,3992.28,0
17,74.24,0,0,1,1,1,1,1262.08,0
47,115.15,0,0,1,1,1,0,5412.05,0
23,104.72,1,0,1,1,1,0,2408.56,0
14,111.42,0,0,0,0,0,0,1559.88,1
66,101.38,0,1,0,0,1,1,6691.08,0
51,30.89,1,0,0,1,0,1,1575.39,0
38,34.9,0,1,1,0,0,0,1326.2,0
64,72.66,0,1,1,1,1,1,4650.24,0
38,44.61,1,1,0,1,0,1,1695.18,1
50,67.67,0,1,1,0,1,0,3383.5,0
30,59.44,0,0,0,0,0,0,1783.1999999999998,1
51,74.94,0,0,1,0,1,1,3821.94,0
63,94.69,0,0,1,0,0,1,5965.47,0
52,91.55,0,1,1,0,0,1,4760.599999999999,0
38,72.12,1,1,0,1,0,0,2740.5600000000004,1
30,102.24,1,1,1,0,0,0,3067.2,1
51,63.09,1,1,1,0,0,0,3217.59,0
5,109.67,1,1,0,0,1,0,548.35,1
29,27.13,1,0,1,1,0,1,786.77,0
4,115.47,1,1,0,0,1,0,461.88,1
10,85.47,0,0,0,1,1,0,854.7,0
56,58.01,1,1,0,0,1,1,3248.56,0
17,39.72,1,1,0,0,0,1,675.24,1
17,67.92,0,0,0,1,0,1,1154.64,1
69,39.46,0,0,1,0,0,0,2722.7400000000002,0
34,36.63,1,1,0,0,1,1,1245.42,0
6,81.74,0,1,0,1,0,1,490.43999999999994,1
53,72.31,1,1,0,0,0,0,3832.4300000000003,1
66,87.01,0,1,0,1,1,0,5742.660000000001,0
43,112.96,1,0,1,1,1,1,4857.28,0
23,73.23,0,1,0,1,1,0,1684.2900000000002,0
55,78.09,0,0,1,1,1,1,4294.95,0
16,28.96,1,1,0,1,1,1,463.36,0
8,91.76,1,0,1,0,1,0,734.08,0
4,59.99,1,0,0,0,0,1,239.96,1
4,117.67,1,1,0,0,1,0,470.68,0
56,102.32,1,0,1,1,0,0,5729.92,0
25,72.25,0,1,0,1,0,0,1806.25,1
67,32.32,1,0,1,1,0,1,2165.44,0
67,105.94,1,1,0,1,1,0,7097.98,0
27,99.98,0,0,1,0,0,0,2699.46,0
32,38.46,0,1,0,0,1,1,1230.72,0
50,49.53,1,1,0,1,1,1,2476.5,0
61,99.34,0,0,1,1,0,1,6059.74,0
51,38.52,0,0,0,0,1,1,1964.5200000000002,0
19,111.78,1,0,0,1,0,0,2123.82,1
21,62.45,0,0,0,1,0,0,1311.45,1
5,28.7,0,1,0,1,1,0,143.5,0
42,101.57,1,0,0,0,0,1,4265.94,1
61,57.35,1,1,0,0,0,1,3498.35,0
22,72.65,0,0,1,1,0,0,1598.3000000000002,0
21,31.23,0,1,1,0,1,1,655.83,0
70,20.26,1,1,1,1,0,1,1418.2,0
1,83.8,0,1,0,1,1,0,83.8,0
5,71.52,0,1,1,0,1,0,357.59999999999997,0
12,79.35,0,0,0,1,0,1,952.1999999999999,1
46,99.37,1,0,0,1,0,1,4571.02,1
34,84.66,0,1,0,0,1,1,2878.44,0
49,37.48,0,0,0,1,1,0,1836.5199999999998,0
45,56.08,1,0,1,1,0,0,2523.6,0
27,110.59,0,1,0,1,0,0,2985.9300000000003,1
26,96.99,0,0,1,0,1,0,2521.74,0
47,75.66,1,0,0,1,1,0,3556.02,0
56,45.56,1,0,1,0,1,1,2551.36,0
63,50.21,1,1,1,1,1,1,3163.23,0
48,93.2,1,0,1,1,1,1,4473.6,0
61,105.12,0,1,1,1,0,0,6412.320000000001,0
26,87.14,0,0,1,1,1,0,2265.64,0
36,100.95,1,0,1,0,1,0,3634.2000000000003,0
1,96.67,1,0,0,0,0,1,96.67,1
8,34.97,0,1,1,1,0,0,279.76,0
52,62.39,1,1,0,1,1,0,3244.28,0
47,35.3,0,0,1,1,1,1,1659.1,0
56,43.52,1,1,0,1,0,0,2437.1200000000003,0
14,106.93,0,0,1,1,1,1,1497.02,0
28,67.29,1,1,1,1,1,0,1884.1200000000001,0
2,73.54,1,1,0,1,0,0,147.08,1
26,37.84,0,0,1,1,1,1,983.8400000000001,0
14,51.23,1,0,1,0,0,1,717.2199999999999,0
59,43.02,0,0,1,0,0,1,2538.1800000000003,0
56,40.62,0,0,0,0,0,1,2274.72,1
7,83.8,0,1,1,1,0,1,586.6,1
3,45.69,0,1,0,1,1,1,137.07,0
23,83.2,0,1,1,1,0,0,1913.6000000000001,0
18,25.85,1,0,1,0,1,0,465.3,0
38,34.18,1,0,0,1,1,1,1298.84,0
15,47.45,0,1,1,0,1,0,711.75,0
64,79.7,1,0,1,1,1,1,5100.8,0
28,87.58,0,1,0,0,1,0,2452.24,0
39,64.27,1,1,1,0,0,1,2506.5299999999997,0
57,64.58,1,1,0,0,0,0,3681.06,1
17,92.45,1,1,0,1,0,0,1571.65,1
44,21.58,1,1,0,0,0,0,949.52,1
25,54.11,0,0,1,1,1,0,1352.75,0
17,101.87,0,0,0,1,0,0,1731.79,1
13,80.32,1,0,0,1,1,1,1044.1599999999999,0
25,53.72,1,1,1,1,1,1,1343.0,0
68,110.55,0,1,0,1,0,1,7517.4,1
10,97.26,1,1,1,0,0,0,972.6,1
67,46.49,0,1,1,1,0,1,3114.83,0
18,84.53,0,0,1,1,0,0,1521.54,0
34,79.58,0,0,1,1,1,0,2705.72,0
8,60.12,1,1,0,1,1,0,480.96,0
40,56.7,0,1,0,1,0,1,2268.0,1
42,54.36,1,1,0,0,1,0,2283.12,0
41,81.72,0,0,0,0,1,1,3350.52,0
6,64.24,1,0,0,1,1,1,385.43999999999994,0
52,103.19,1,0,1,0,0,0,5365.88,0
26,86.96,1,1,0,0,1,0,2260.96,1
64,26.99,0,1,0,1,0,1,1727.36,0
59,84.02,0,0,0,0,0,1,4957.179999999999,1
56,47.11,1,1,1,1,1,1,2638.16,0
59,79.28,1,0,1,0,1,1,4677.52,0
70,88.01,1,1,0,0,0,1,6160.700000000001,1
33,43.08,0,0,1,0,1,1,1421.6399999999999,0
53,65.69,0,1,0,1,1,0,3481.5699999999997,0
22,39.03,0,0,0,0,0,1,858.6600000000001,1
21,25.23,0,0,1,0,0,1,529.83,0
70,57.85,1,0,1,1,0,1,4049.5,0
70,56.29,1,0,0,1,0,1,3940.2999999999997,0
4,119.55,0,0,0,0,1,0,478.2,1
62,64.64,0,0,1,1,1,0,4007.68,0
62,53.36,1,1,0,0,0,1,3308.32,0
24,78.05,0,1,1,0,0,1,1873.1999999999998,0
55,28.88,0,1,0,1,0,1,1588.3999999999999,0
9,116.17,0,0,1,1,1,0,1045.53,0
3,83.5,0,0,0,1,0,0,250.5,1
31,95.48,0,1,0,0,1,0,2959.88,0
40,37.05,0,0,1,1,0,0,1482.0,0
36,60.95,1,0,0,0,0,0,2194.2000000000003,1
24,62.27,0,0,0,1,0,0,1494.48,1
6,102.18,0,0,1,0,1,1,613.08,0
66,20.12,1,0,0,1,1,0,1327.92,0
4,50.09,1,1,0,0,1,0,200.36,0
6,118.12,1,1,0,1,0,1,708.72,1
51,67.49,0,1,1,0,1,0,3441.99,0
62,58.25,1,1,1,1,1,1,3611.5,0
57,31.98,0,1,1,1,0,0,1822.8600000000001,0
66,117.42,0,0,0,0,0,1,7749.72,1
8,22.0,0,0,0,1,1,1,176.0,0
26,93.72,1,0,0,0,1,1,2436.72,0
51,96.86,1,0,0,0,1,1,4939.86,0
45,44.37,1,1,1,1,1,1,1996.6499999999999,0
44,87.16,1,1,0,0,0,0,3835.04,1
5,29.29,1,1,0,1,0,0,146.45,1
70,45.7,0,0,0,1,0,1,3199.0,0
26,98.79,0,1,1,0,1,1,2568.54,0
68,106.47,0,0,0,1,1,1,7239.96,0
19,80.85,0,1,0,0,0,0,1536.1499999999999,1
20,70.68,1,1,0,0,0,1,1413.6000000000001,1
12,35.93,1,0,0,1,1,1,431.15999999999997,0
47,26.31,0,0,0,1,1,1,1236.57,0
1,31.76,1,1,1,0,0,1,31.76,0
14,42.74,1,1,0,0,0,0,598.36,1
64,54.17,0,0,0,1,0,1,3466.88,1
38,58.09,0,1,0,1,1,1,2207.42,0
37,54.63,1,1,0,1,1,0,2021.3100000000002,0
11,43.91,1,0,0,1,1,1,483.01,0
3,70.97,0,1,0,0,1,1,212.91,0
33,102.53,0,0,0,1,1,0,3383.4900000000002,0
6,47.97,0,1,0,0,1,0,287.82,0
50,114.24,1,0,0,0,0,0,5712.0,1
10,107.33,0,1,0,1,0,1,1073.3,1
5,36.18,0,0,1,0,1,1,180.9,0
23,98.63,1,1,1,1,0,0,2268.49,1
10,77.46,1,0,1,0,1,0,774.5999999999999,0
44,76.66,1,1,1,1,0,0,3373.04,0
2,59.1,1,1,0,0,1,1,118.2,0
13,70.12,1,1,1,0,0,1,911.5600000000001,0
40,59.72,0,1,1,1,0,0,2388.8,0
2,73.97,0,1,0,1,1,1,147.94,0
65,82.8,1,1,1,0,1,0,5382.0,0
63,87.43,1,1,1,0,0,1,5508.09,0
17,73.25,1,1,0,1,0,1,1245.25,1
9,92.14,1,1,0,0,1,1,829.26,1
15,34.13,1,0,0,1,0,1,511.95000000000005,1
24,41.2,0,0,1,0,1,0,988.8000000000001,0
38,101.87,0,1,1,1,1,1,3871.0600000000004,0
35,52.25,0,0,0,0,0,1,1828.75,1
49,22.29,0,1,0,1,1,0,1092.21,0
69,35.38,1,1,1,1,0,1,2441.2200000000003,0
62,42.36,0,0,0,0,0,0,2626.32,1
60,115.73,1,1,1,1,1,0,6943.8,0
50,77.3,1,1,0,0,0,1,3865.0,1
9,113.27,1,0,0,1,1,1,1019.43,1
34,77.52,0,0,1,1,1,0,2635.68,0
35,67.94,1,1,0,1,1,0,2377.9,0
1,51.37,0,0,0,0,0,0,51.37,1
40,80.64,0,0,0,1,1,1,3225.6,0
64,33.92,1,1,1,0,0,0,2170.88,0
22,109.83,1,0,0,1,1,0,2416.2599999999998,0
60,102.93,1,0,0,0,1,0,6175.8,0
64,51.75,0,1,0,0,1,1,3312.0,0
72,115.28,1,0,0,0,0,0,8300.16,1
11,102.52,0,0,0,1,0,1,1127.72,1
14,86.63,1,1,0,0,1,1,1212.82,0
60,32.18,1,1,1,1,1,0,1930.8,0
30,67.82,0,1,1,0,0,1,2034.6,0
35,70.61,0,0,0,0,0,0,2471.35,1
37,43.26,0,1,1,0,0,1,1600.62,0
5,28.0,0,1,1,0,1,1,140.0,0
26,97.67,0,0,0,1,0,0,2539.42,1
62,32.2,0,1,1,0,1,0,1996.4,0
4,79.43,1,1,1,0,0,0,317.72,0
42,113.64,1,1,1,1,1,1,4772.88,0
18,107.61,0,1,1,0,1,1,1936.98,0
40,47.78,1,0,1,0,1,0,1911.2,0
72,105.14,0,1,1,0,0,0,7570.08,0
39,20.03,1,1,1,0,0,1,781.1700000000001,0
14,21.77,1,0,1,1,0,1,304.78,0
32,80.26,0,1,0,1,1,1,2568.32,0
51,56.48,0,0,0,0,1,0,2880.48,0
38,58.65,0,0,1,1,0,1,2228.7,0
23,76.44,1,0,1,1,1,0,1758.12,0
63,39.18,0,1,0,0,1,1,2468.34,0
15,41.18,1,0,1,1,1,1,617.7,0
25,68.46,0,0,1,0,0,0,1711.4999999999998,0
17,95.43,1,0,0,1,1,0,1622.3100000000002,0
66,81.95,1,1,0,1,0,0,5408.7,0
53,49.74,0,1,0,1,0,1,2636.2200000000003,1
51,63.03,1,1,1,0,0,1,3214.53,0
39,37.07,1,1,1,1,0,1,1445.73,0
51,27.46,0,1,0,0,0,0,1400.46,0
70,98.27,1,1,0,0,1,1,6878.9,0
6,46.54,0,1,1,1,0,0,279.24,0
67,37.78,0,0,0,0,0,0,2531.26,0
7,89.16,0,0,1,1,0,0,624.12,1
51,81.81,0,0,1,0,1,1,4172.31,0
72,83.32,1,0,0,0,1,1,5999.039999999999,0
42,42.89,1,1,0,1,1,0,1801.38,0
64,43.26,1,0,1,1,1,1,2768.64,0
15,42.08,0,0,0,1,0,0,631.1999999999999,1
29,37.38,1,0,0,1,0,0,1084.02,0
33,85.57,1,0,0,0,1,1,2823.81,0
27,104.8,0,1,0,0,1,0,2829.6,0
36,92.43,0,1,1,0,1,0,3327.4800000000005,0
29,99.21,1,1,1,1,1,1,2877.0899999999997,0
38,60.48,0,0,1,0,0,0,2298.24,0
57,85.41,0,1,1,1,1,0,4868.37,0
27,55.42,0,0,0,0,1,0,1496.3400000000001,0
55,72.55,0,1,0,1,1,0,3990.25,0
33,68.16,1,1,1,0,1,0,2249.2799999999997,0
68,37.69,0,1,1,0,1,0,2562.92,0
66,58.71,0,1,0,1,1,0,3874.86,0
10,116.38,0,1,1,0,1,1,1163.8,0
5,44.86,0,0,1,1,0,1,224.3,0
38,33.38,0,1,0,0,0,0,1268.44,0
13,61.86,0,0,1,0,0,0,804.18,1
31,99.03,0,0,0,1,0,1,3069.93,1
47,78.21,0,0,0,1,0,1,3675.87,1
52,88.1,1,0,1,0,0,1,4581.2,0
56,38.97,0,0,0,0,1,1,2182.3199999999997,0
15,81.89,1,1,1,0,1,1,1228.35,0
29,52.35,0,1,0,0,0,0,1518.15,1
8,103.43,0,1,1,0,1,1,827.44,0
5,82.93,0,1,1,0,0,1,414.65000000000003,0
29,39.89,0,0,1,1,1,1,1156.81,0
47,26.46,1,1,0,1,1,0,1243.6200000000001,0
68,24.26,0,1,0,1,1,0,1649.68,0
45,57.14,0,0,1,0,1,0,2571.3,0
2,46.59,1,0,0,0,1,0,93.18,0
27,84.61,1,1,1,0,1,0,2284.47,0
36,69.93,0,1,1,1,0,0,2517.4800000000005,0
36,46.6,1,0,0,1,0,1,1677.6000000000001,1
26,34.92,1,1,1,0,1,0,907.9200000000001,0
43,32.72,1,1,0,0,0,0,1406.96,0
27,106.47,0,1,1,1,1,1,2874.69,0
69,44.35,0,1,0,1,0,0,3060.15,0
20,85.17,0,0,1,1,1,1,1703.4,0
11,101.07,1,0,1,0,0,1,1111.77,1
38,81.41,0,0,0,0,1,0,3093.58,0
6,105.96,1,1,1,0,0,1,635.76,1
72,59.24,0,1,1,1,1,1,4265.28,0
23,115.62,0,1,0,1,0,1,2659.26,1
47,33.31,1,1,1,0,1,1,1565.5700000000002,0
46,30.21,0,1,0,0,1,0,1389.66,0
12,85.87,1,0,1,1,1,1,1030.44,0
13,114.28,1,1,0,0,0,0,1485.64,1
62,100.89,0,1,1,1,0,1,6255.18,0
60,27.64,1,0,1,1,0,1,1658.4,0
43,47.94,0,1,1,0,1,1,2061.42,0
68,113.03,0,0,0,1,0,0,7686.04,0
5,45.31,1,0,0,0,1,0,226.55,0
37,98.12,0,0,0,1,0,0,3630.44,1
72,102.51,1,0,0,1,0,1,7380.72,0
31,69.55,0,0,1,0,0,1,2156.0499999999997,0
9,58.63,0,1,1,1,0,1,527.6700000000001,0
51,65.01,0,0,0,0,1,1,3315.51,0
29,42.7,0,0,0,0,0,0,1238.3000000000002,1
40,108.94,0,1,0,1,0,1,4357.6,1
41,65.06,1,1,1,0,1,0,2667.46,0
11,108.25,1,0,0,0,1,1,1190.75,1
23,30.57,1,1,0,0,0,0,703.11,1
1,118.83,1,1,1,0,0,0,118.83,1
46,64.33,1,0,1,0,1,1,2959.18,0
21,24.78,1,0,0,0,1,1,520.38,0
36,23.8,0,1,1,1,1,0,856.8000000000001,0
54,94.62,0,0,0,0,0,1,5109.4800000000005,1
57,85.9,1,0,1,1,0,1,4896.3,0
1,100.21,1,1,0,1,0,0,100.21,1
63,30.54,0,0,0,0,1,0,1924.02,0
54,23.56,0,0,0,1,1,0,1272.24,0
55,70.86,0,0,0,1,1,0,3897.3,0
40,58.76,1,0,1,0,0,1,2350.4,0
15,66.19,1,0,1,0,1,0,992.8499999999999,0
21,119.16,1,1,1,0,0,0,2502.36,1
47,117.07,0,1,1,1,1,0,5502.29,0
53,114.23,0,0,0,1,0,1,6054.1900000000005,1
9,98.38,1,1,0,0,0,0,885.42,1
52,55.48,1,0,1,0,1,1,2884.96,0
57,61.21,0,0,1,1,0,0,3488.9700000000003,0
26,74.96,0,0,1,1,1,0,1948.9599999999998,0
41,103.05,0,0,1,1,0,1,4225.05,0
35,26.87,0,0,1,1,1,0,940.45,0
63,62.43,1,1,0,0,1,0,3933.09,0
25,28.26,0,1,0,1,0,1,706.5,0
38,71.47,0,0,0,1,1,0,2715.86,0
2,109.89,0,1,1,1,0,0,219.78,1
7,98.25,1,0,1,1,1,0,687.75,0
34,42.78,1,1,1,0,1,0,1454.52,0
17,117.6,0,0,1,0,1,1,1999.1999999999998,0
43,86.74,0,1,0,1,1,0,3729.8199999999997,0
59,21.04,0,0,0,1,0,1,1241.36,0
51,45.54,1,0,1,0,1,0,2322.54,0
54,46.07,1,1,0,0,1,1,2487.78,0
24,26.93,1,1,0,1,0,0,646.3199999999999,0
25,115.98,0,0,1,1,0,1,2899.5,0
71,67.83,1,1,1,0,0,0,4815.93,0
52,109.58,0,0,1,0,0,1,5698.16,0
70,52.22,0,1,1,0,0,1,3655.4,0
33,32.52,0,1,1,0,0,0,1073.16,0
49,67.43,1,0,1,0,1,1,3304.07,0
29,31.4,0,1,0,0,0,0,910.5999999999999,0
63,68.6,1,1,0,1,1,0,4321.799999999999,0
22,112.03,1,0,1,0,0,0,2464.66,1
26,72.08,0,1,0,0,1,0,1874.08,0
28,81.65,0,0,1,0,1,0,2286.2000000000003,0
49,35.66,1,0,1,0,1,1,1747.34,0
71,24.37,0,0,1,1,0,0,1730.27,0
49,31.08,1,0,1,1,0,0,1522.9199999999998,0
20,79.85,0,0,0,0,0,0,1597.0,1
63,29.5,1,1,1,1,0,0,1858.5,0
61,57.6,1,0,0,1,1,0,3513.6,0
49,75.01,1,0,1,1,0,0,3675.4900000000002,0
71,58.87,1,1,1,1,1,1,4179.7699999999995,0
1,36.37,0,1,1,1,1,1,36.37,0
13,47.38,0,1,0,1,0,0,615.94,1
51,112.83,1,0,1,0,0,1,5754.33,0
56,87.6,1,0,1,0,0,0,4905.599999999999,0
62,69.6,0,0,1,0,1,0,4315.2,0
32,21.27,0,1,0,0,0,0,680.64,1
30,119.24,0,0,0,0,1,0,3577.2,0
29,87.15,0,1,0,1,0,0,2527.3500000000004,1
49,51.69,0,0,1,0,1,1,2532.81,0
45,107.93,0,1,0,0,0,1,4856.85,1
30,45.84,1,0,1,1,0,1,1375.2,0
16,74.4,0,0,0,1,1,1,1190.4,0
40,83.61,0,0,0,0,0,0,3344.4,1
19,42.11,1,1,1,1,0,1,800.09,0
18,117.84,0,1,0,1,0,0,2121.12,1
1,94.82,0,0,1,1,0,1,94.82,1
47,75.78,0,0,1,1,0,1,3561.66,0
66,38.06,0,0,0,0,0,1,2511.96,0
38,25.39,0,1,1,1,0,1,964.82,0
51,52.01,1,0,1,0,1,0,2652.5099999999998,0
63,95.32,0,0,0,0,1,1,6005.16,0
4,46.93,1,0,0,1,0,1,187.72,1
1,73.96,1,0,1,1,0,0,73.96,1
8,92.79,0,1,0,1,0,0,742.32,1
29,30.79,1,1,1,0,1,1,892.91,0
55,88.53,0,0,1,1,1,0,4869.15,0
3,29.19,1,0,0,1,0,0,87.57000000000001,1
32,116.51,1,1,0,1,1,0,3728.32,0
10,68.84,0,1,0,1,0,1,688.4000000000001,1
34,35.07,0,0,0,1,0,0,1192.38,1
55,54.24,0,1,1,0,0,1,2983.2000000000003,0
32,61.34,0,1,1,1,0,1,1962.88,0
50,95.82,0,0,0,1,1,1,4791.0,0
